{
  "train_loss": [
    40.06861662066154,
    38.02179761822714,
    36.289128043434836,
    33.40388205861361,
    29.09459786666067
  ],
  "val_loss": [
    40.93822083383236,
    41.21370768996904,
    41.95124543387935,
    43.63391905010871,
    44.61068567240013
  ],
  "train_acc": [
    0.17991004497751126,
    0.13493253373313344,
    0.014992503748125937,
    0.044977511244377814,
    0.05997001499250375
  ],
  "val_acc": [
    0.0,
    0.0,
    0.41916167664670656,
    0.17964071856287425,
    0.059880239520958084
  ]
}